{
  "openapi": "3.0.0",
  "info": {
    "title": "Greeting API",
    "version": "1.0.0"
  },
  "paths": {
    "/hello": {
      "post": {
        "summary": "Send a greeting",
        "requestBody": {
          "required": true,
          "content": {
            "application/json": {
              "schema": { "$ref": "#/components/schemas/GreetingRequest" }
            }
          }
        },
        "responses": {
          "200": {
            "description": "Greeting received",
            "content": {
              "application/json": {
                "schema": { "$ref": "#/components/schemas/GreetingResponse" }
              }
            }
          },
          "400": {
            "description": "Validation error",
            "content": {
              "application/json": {
                "schema": { "$ref": "#/components/schemas/ErrorResponse" }
              }
            }
          },
          "500": {
            "description": "Internal server error",
            "content": {
              "application/json": {
                "schema": { "$ref": "#/components/schemas/ErrorResponse" }
              }
            }
          }
        }
      }
    }
  },
  "components": {
    "schemas": {
      "GreetingRequest": {
        "type": "object",
        "required": ["name"],
        "properties": {
          "name": {
            "type": "string",
            "minLength": 1
          }
        }
      },
      "GreetingResponse": {
        "type": "object",
        "properties": {
          "message": {
            "type": "string"
          }
        }
      },
      "ErrorResponse": {
        "type": "object",
        "properties": {
          "timestamp": { "type": "string", "format": "date-time" },
          "status": { "type": "integer", "format": "int32" },
          "error": { "type": "string" },
          "message": { "type": "string" },
          "path": { "type": "string" }
        }
      }
    }
  }
}
